{"cameraMode":{"drawMode":0,"name":"Shaded","section":"Shading Mode"},"sceneLighting":true,"audioPlay":false,"sceneViewState":{"showFog":false,"showMaterialUpdate":false,"showSkybox":false,"showFlares":false,"showImageEffects":false,"showParticleSystems":false},"in2DMode":false,"pivot":{"x":-0.8103961944580078,"y":-4.171000003814697,"z":-3.196047782897949},"rotation":{"x":-0.06579148024320603,"y":-0.7684261202812195,"z":0.08005788177251816,"w":-0.6314930319786072},"size":13.409796714782715,"orthographic":false}
