{"cameraMode":{"drawMode":0,"name":"Shaded","section":"Shading Mode"},"sceneLighting":true,"audioPlay":false,"sceneViewState":{"showFog":false,"showMaterialUpdate":false,"showSkybox":false,"showFlares":false,"showImageEffects":false,"showParticleSystems":false},"in2DMode":false,"pivot":{"x":-0.6989855766296387,"y":4.218343257904053,"z":-3.0448975563049318},"rotation":{"x":-0.010808072984218598,"y":-0.015901442617177964,"z":0.00017183905583806336,"w":-0.9998151063919067},"size":9.497684478759766,"orthographic":false}