{"cameraMode":{"drawMode":0,"name":"Shaded","section":"Shading Mode"},"sceneLighting":false,"audioPlay":false,"sceneViewState":{"showFog":false,"showMaterialUpdate":false,"showSkybox":false,"showFlares":false,"showImageEffects":false,"showParticleSystems":false},"in2DMode":false,"pivot":{"x":-1.8996599912643433,"y":-1.2400000095367432,"z":1.03125},"rotation":{"x":-0.015307492576539517,"y":0.015595238655805588,"z":-0.00023884771508164704,"w":-0.999761164188385},"size":1.8256641626358033,"orthographic":false}