{"cameraMode":{"drawMode":0,"name":"Shaded","section":"Shading Mode"},"sceneLighting":false,"audioPlay":false,"sceneViewState":{"showFog":false,"showMaterialUpdate":false,"showSkybox":false,"showFlares":false,"showImageEffects":false,"showParticleSystems":false},"in2DMode":false,"pivot":{"x":-3.2833597660064699,"y":-0.11000001430511475,"z":-0.608729362487793},"rotation":{"x":-0.015307492576539517,"y":0.015595238655805588,"z":-0.00023884771508164704,"w":-0.999761164188385},"size":6.257277488708496,"orthographic":false}